{"cameraMode":{"drawMode":0,"name":"Shaded","section":"Shading Mode"},"sceneLighting":false,"audioPlay":false,"sceneViewState":{"showFog":true,"showMaterialUpdate":false,"showSkybox":false,"showFlares":true,"showImageEffects":true,"showParticleSystems":true},"in2DMode":false,"pivot":{"x":-0.007344615180045366,"y":0.06514451652765274,"z":-0.009873177856206894},"rotation":{"x":-0.11199772357940674,"y":0.8312936425209045,"z":-0.18136829137802125,"w":-0.5133364796638489},"size":0.06955289840698242,"orthographic":false}